{"cameraMode":{"drawMode":0,"name":"Shaded","section":"Shading Mode"},"sceneLighting":true,"audioPlay":false,"sceneViewState":{"m_AlwaysRefresh":false,"showFog":true,"showSkybox":true,"showFlares":true,"showImageEffects":true,"showParticleSystems":true,"showVisualEffectGraphs":true,"m_FxEnabled":true},"in2DMode":false,"pivot":{"x":-0.1626698523759842,"y":2.849301815032959,"z":0.018922805786132814},"rotation":{"x":-0.6114574074745178,"y":0.0007191448239609599,"z":-0.0005543573061004281,"w":-0.7912816405296326},"size":6.655431270599365,"orthographic":true}